fips,STNAME,population
01001,Alabama,56145
01003,Alabama,229287
01005,Alabama,24589
01007,Alabama,22136
01009,Alabama,57879
01011,Alabama,9976
01013,Alabama,19504
01015,Alabama,113469
01017,Alabama,32865
01019,Alabama,26294
01021,Alabama,44397
01023,Alabama,12418
01025,Alabama,23291
01027,Alabama,13112
01029,Alabama,14967
01031,Alabama,53230
01033,Alabama,55411
01035,Alabama,11851
01037,Alabama,10650
01039,Alabama,36930
01041,Alabama,13681
01043,Alabama,84515
01045,Alabama,48959
01047,Alabama,36098
01049,Alabama,71658
01051,Alabama,82158
01053,Alabama,36281
01055,Alabama,102371
01057,Alabama,16241
01059,Alabama,31507
01061,Alabama,26411
01063,Alabama,7990
01065,Alabama,14670
01067,Alabama,17223
01069,Alabama,106580
01071,Alabama,51582
01073,Alabama,655342
01075,Alabama,13764
01077,Alabama,93368
01079,Alabama,32857
01081,Alabama,166831
01083,Alabama,102228
01085,Alabama,9641
01087,Alabama,17895
01089,Alabama,379453
01091,Alabama,18733
01093,Alabama,29703
01095,Alabama,96990
01097,Alabama,412716
01099,Alabama,20459
01101,Alabama,224639
01103,Alabama,119883
01105,Alabama,8687
01107,Alabama,19793
01109,Alabama,32966
01111,Alabama,22920
01113,Alabama,58237
01115,Alabama,90739
01117,Alabama,221428
01119,Alabama,12225
01121,Alabama,79985
01123,Alabama,40133
01125,Alabama,210758
01127,Alabama,63143
01129,Alabama,15976
01131,Alabama,10206
01133,Alabama,23508
02013,Alaska,3401
02016,Alaska,5680
02020,Alaska,287095
02050,Alaska,18437
02060,Alaska,788
02063,Alaska,6427
02066,Alaska,2919
02068,Alaska,2081
02070,Alaska,4833
02090,Alaska,95651
02100,Alaska,2614
02105,Alaska,2141
02110,Alaska,31849
02122,Alaska,59414
02130,Alaska,13747
02150,Alaska,12992
02158,Alaska,8328
02164,Alaska,1493
02170,Alaska,110213
02180,Alaska,9909
02185,Alaska,9294
02188,Alaska,7644
02195,Alaska,3296
02198,Alaska,6147
02220,Alaska,8405
02230,Alaska,1179
02240,Alaska,6957
02275,Alaska,2510
02282,Alaska,637
02290,Alaska,5077
04001,Arizona,71875
04003,Arizona,127450
04005,Arizona,142481
04007,Arizona,54303
04009,Arizona,39211
04011,Arizona,9341
04012,Arizona,21480
04013,Arizona,4579081
04015,Arizona,217206
04017,Arizona,112112
04019,Arizona,1061175
04021,Arizona,480828
04023,Arizona,46808
04025,Arizona,240226
04027,Arizona,217824
05001,Arkansas,17383
05003,Arkansas,19339
05005,Arkansas,42242
05007,Arkansas,288774
05009,Arkansas,37625
05011,Arkansas,10639
05013,Arkansas,5113
05015,Arkansas,28276
05017,Arkansas,9924
05019,Arkansas,22103
05021,Arkansas,14375
05023,Arkansas,24935
05025,Arkansas,7957
05027,Arkansas,23331
05029,Arkansas,21037
05031,Arkansas,112245
05033,Arkansas,63409
05035,Arkansas,47616
05037,Arkansas,16142
05039,Arkansas,6802
05041,Arkansas,11110
05043,Arkansas,17977
05045,Arkansas,126919
05047,Arkansas,17897
05049,Arkansas,12381
05051,Arkansas,99789
05053,Arkansas,18449
05055,Arkansas,45597
05057,Arkansas,21253
05059,Arkansas,33787
05061,Arkansas,13109
05063,Arkansas,37757
05065,Arkansas,13613
05067,Arkansas,16636
05069,Arkansas,65377
05071,Arkansas,26513
05073,Arkansas,6596
05075,Arkansas,16410
05077,Arkansas,8513
05079,Arkansas,12944
05081,Arkansas,12180
05083,Arkansas,21410
05085,Arkansas,73921
05087,Arkansas,16644
05089,Arkansas,16790
05091,Arkansas,43177
05093,Arkansas,40066
05095,Arkansas,6584
05097,Arkansas,9006
05099,Arkansas,8099
05101,Arkansas,7602
05103,Arkansas,23167
05105,Arkansas,10327
05107,Arkansas,17299
05109,Arkansas,10643
05111,Arkansas,23283
05113,Arkansas,19707
05115,Arkansas,64334
05117,Arkansas,7966
05119,Arkansas,392980
05121,Arkansas,18247
05123,Arkansas,24682
05125,Arkansas,123968
05127,Arkansas,10164
05129,Arkansas,7842
05131,Arkansas,127590
05133,Arkansas,16702
05135,Arkansas,17424
05137,Arkansas,12674
05139,Arkansas,38219
05141,Arkansas,16541
05143,Arkansas,243216
05145,Arkansas,78729
05147,Arkansas,6264
05149,Arkansas,21181
06001,California,1662323
06003,California,1119
06005,California,40083
06007,California,212744
06009,California,46308
06011,California,21558
06013,California,1152333
06015,California,27968
06017,California,192925
06019,California,1000918
06021,California,28283
06023,California,134977
06025,California,180267
06027,California,18046
06029,California,901362
06031,California,152692
06033,California,64479
06035,California,30016
06037,California,9943046
06039,California,157761
06041,California,257332
06043,California,17160
06045,California,86061
06047,California,279252
06049,California,8763
06051,California,14534
06053,California,430906
06055,California,135965
06057,California,99606
06059,California,3166857
06061,California,402950
06063,California,18967
06065,California,2489188
06067,California,1559146
06069,California,64055
06071,California,2189183
06073,California,3332427
06075,California,866606
06077,California,767967
06079,California,282249
06081,California,758308
06083,California,444766
06085,California,1907105
06087,California,269925
06089,California,179027
06091,California,2920
06093,California,43245
06095,California,446935
06097,California,489819
06099,California,550081
06101,California,96385
06103,California,64494
06105,California,12216
06107,California,468680
06109,California,54515
06111,California,841387
06113,California,219728
06115,California,80160
08001,Colorado,519883
08003,Colorado,16180
08005,Colorado,657452
08007,Colorado,14196
08009,Colorado,3555
08011,Colorado,5356
08013,Colorado,327171
08014,Colorado,72236
08015,Colorado,20661
08017,Colorado,1795
08019,Colorado,9586
08021,Colorado,8143
08023,Colorado,3921
08025,Colorado,5696
08027,Colorado,5183
08029,Colorado,31067
08031,Colorado,735538
08033,Colorado,2096
08035,Colorado,360750
08037,Colorado,54929
08039,Colorado,27313
08041,Colorado,728310
08043,Colorado,47867
08045,Colorado,60366
08047,Colorado,6235
08049,Colorado,15794
08051,Colorado,17593
08053,Colorado,808
08055,Colorado,6883
08057,Colorado,1389
08059,Colorado,583283
08061,Colorado,1458
08063,Colorado,7121
08065,Colorado,7987
08067,Colorado,56564
08069,Colorado,360428
08071,Colorado,14420
08073,Colorado,5680
08075,Colorado,21974
08077,Colorado,155603
08079,Colorado,773
08081,Colorado,13144
08083,Colorado,26408
08085,Colorado,43322
08087,Colorado,28941
08089,Colorado,18201
08091,Colorado,5001
08093,Colorado,18955
08095,Colorado,4367
08097,Colorado,17894
08099,Colorado,12106
08101,Colorado,169823
08103,Colorado,6342
08105,Colorado,11296
08107,Colorado,25560
08109,Colorado,6938
08111,Colorado,748
08113,Colorado,8105
08115,Colorado,2260
08117,Colorado,30631
08119,Colorado,25529
08121,Colorado,4875
08123,Colorado,333983
08125,Colorado,10047
09001,Connecticut,942426
09003,Connecticut,889226
09005,Connecticut,179610
09007,Connecticut,161657
09009,Connecticut,851948
09011,Connecticut,264999
09013,Connecticut,150600
09015,Connecticut,116540
10001,Delaware,183643
10003,Delaware,561531
10005,Delaware,241635
11001,District of Columbia,712816
12001,Florida,271218
12003,Florida,29566
12005,Florida,171322
12007,Florida,28593
12009,Florida,608459
12011,Florida,1958105
12013,Florida,14078
12015,Florida,194711
12017,Florida,153010
12019,Florida,221770
12021,Florida,392973
12023,Florida,72654
12027,Florida,38520
12029,Florida,17057
12031,Florida,966728
12033,Florida,322364
12035,Florida,118451
12037,Florida,12201
12039,Florida,45277
12041,Florida,18885
12043,Florida,14198
12045,Florida,13534
12047,Florida,14521
12049,Florida,26822
12051,Florida,42813
12053,Florida,198792
12055,Florida,106639
12057,Florida,1497957
12059,Florida,19594
12061,Florida,162518
12063,Florida,46085
12065,Florida,14543
12067,Florida,8482
12069,Florida,375492
12071,Florida,790767
12073,Florida,295460
12075,Florida,42214
12077,Florida,8364
12079,Florida,18707
12081,Florida,411219
12083,Florida,373513
12085,Florida,162088
12086,Florida,2707303
12087,Florida,73900
12089,Florida,91113
12091,Florida,212820
12093,Florida,42297
12095,Florida,1404396
12097,Florida,385315
12099,Florida,1507600
12101,Florida,570412
12103,Florida,976802
12105,Florida,744552
12107,Florida,74815
12109,Florida,278715
12111,Florida,337186
12113,Florida,189139
12115,Florida,443465
12117,Florida,474171
12119,Florida,139018
12121,Florida,44851
12123,Florida,21600
12125,Florida,15182
12127,Florida,561497
12129,Florida,34319
12131,Florida,76648
12133,Florida,25932
13001,Georgia,18325
13003,Georgia,8393
13005,Georgia,11036
13007,Georgia,2971
13009,Georgia,45099
13011,Georgia,19352
13013,Georgia,85588
13015,Georgia,109426
13017,Georgia,16614
13019,Georgia,19408
13021,Georgia,152737
13023,Georgia,12955
13025,Georgia,19202
13027,Georgia,15357
13029,Georgia,40755
13031,Georgia,80839
13033,Georgia,22648
13035,Georgia,25426
13037,Georgia,6231
13039,Georgia,55388
13043,Georgia,10985
13045,Georgia,121633
13047,Georgia,67996
13049,Georgia,13430
13051,Georgia,289463
13053,Georgia,10551
13055,Georgia,24843
13057,Georgia,265274
13059,Georgia,127795
13061,Georgia,2866
13063,Georgia,292646
13065,Georgia,6582
13067,Georgia,762944
13069,Georgia,43218
13071,Georgia,45542
13073,Georgia,160377
13075,Georgia,17291
13077,Georgia,150849
13079,Georgia,12231
13081,Georgia,22034
13083,Georgia,16057
13085,Georgia,27113
13087,Georgia,26457
13089,Georgia,762009
13091,Georgia,20452
13093,Georgia,13174
13095,Georgia,86477
13097,Georgia,147988
13099,Georgia,10037
13101,Georgia,4002
13103,Georgia,65765
13105,Georgia,19335
13107,Georgia,22507
13109,Georgia,10638
13111,Georgia,26521
13113,Georgia,115821
13115,Georgia,98604
13117,Georgia,250847
13119,Georgia,23504
13121,Georgia,1077402
13123,Georgia,31978
13125,Georgia,2984
13127,Georgia,85568
13129,Georgia,58780
13131,Georgia,24491
13133,Georgia,18837
13135,Georgia,942627
13137,Georgia,46047
13139,Georgia,206591
13141,Georgia,8494
13143,Georgia,30383
13145,Georgia,36080
13147,Georgia,26406
13149,Georgia,11973
13151,Georgia,239139
13153,Georgia,160110
13155,Georgia,9387
13157,Georgia,76199
13159,Georgia,14483
13161,Georgia,15213
13163,Georgia,15267
13165,Georgia,8746
13167,Georgia,9667
13169,Georgia,28787
13171,Georgia,19261
13173,Georgia,10737
13175,Georgia,47512
13177,Georgia,30234
13179,Georgia,63004
13181,Georgia,8031
13183,Georgia,20171
13185,Georgia,118268
13187,Georgia,34186
13189,Georgia,21162
13191,Georgia,14387
13193,Georgia,12712
13195,Georgia,30457
13197,Georgia,8516
13199,Georgia,21164
13201,Georgia,5622
13205,Georgia,21602
13207,Georgia,28042
13209,Georgia,9012
13211,Georgia,19636
13213,Georgia,40032
13215,Georgia,196442
13217,Georgia,113295
13219,Georgia,41124
13221,Georgia,15383
13223,Georgia,173359
13225,Georgia,27950
13227,Georgia,33127
13229,Georgia,19522
13231,Georgia,19121
13233,Georgia,42840
13235,Georgia,11191
13237,Georgia,22520
13239,Georgia,2271
13241,Georgia,17273
13243,Georgia,6682
13245,Georgia,202079
13247,Georgia,90939
13249,Georgia,5196
13251,Georgia,14012
13253,Georgia,8060
13255,Georgia,67414
13257,Georgia,26107
13259,Georgia,6689
13261,Georgia,29282
13263,Georgia,6143
13265,Georgia,1562
13267,Georgia,25365
13269,Georgia,8074
13271,Georgia,15781
13273,Georgia,8523
13275,Georgia,44372
13277,Georgia,40719
13279,Georgia,26973
13281,Georgia,12247
13283,Georgia,6822
13285,Georgia,70214
13287,Georgia,7882
13289,Georgia,8103
13291,Georgia,25358
13293,Georgia,26527
13295,Georgia,70116
13297,Georgia,96875
13299,Georgia,35826
13301,Georgia,5232
13303,Georgia,20150
13305,Georgia,30023
13307,Georgia,2595
13309,Georgia,7751
13311,Georgia,31094
13313,Georgia,103837
13315,Georgia,8502
13317,Georgia,9694
13319,Georgia,8812
13321,Georgia,19972
15001,Hawaii,203340
15003,Hawaii,963826
15005,Hawaii,87
15007,Hawaii,71851
15009,Hawaii,167902
16001,Idaho,494399
16003,Idaho,4447
16005,Idaho,88795
16007,Idaho,6143
16009,Idaho,9430
16011,Idaho,47202
16013,Idaho,23426
16015,Idaho,8065
16017,Idaho,46817
16019,Idaho,122134
16021,Idaho,12656
16023,Idaho,2646
16025,Idaho,1130
16027,Idaho,237053
16029,Idaho,7123
16031,Idaho,24277
16033,Idaho,852
16035,Idaho,8846
16037,Idaho,4249
16039,Idaho,27448
16041,Idaho,14215
16043,Idaho,13218
16045,Idaho,18703
16047,Idaho,15618
16049,Idaho,16823
16051,Idaho,30581
16053,Idaho,24578
16055,Idaho,170628
16057,Idaho,40830
16059,Idaho,8054
16061,Idaho,3838
16063,Idaho,5358
16065,Idaho,40318
16067,Idaho,21216
16069,Idaho,40755
16071,Idaho,4520
16073,Idaho,12133
16075,Idaho,24771
16077,Idaho,7643
16079,Idaho,12911
16081,Idaho,12501
16083,Idaho,88411
16085,Idaho,11792
16087,Idaho,10360
17001,Illinois,64783
17003,Illinois,5497
17005,Illinois,16262
17007,Illinois,52777
17009,Illinois,6546
17011,Illinois,32303
17013,Illinois,4616
17015,Illinois,14241
17017,Illinois,11925
17019,Illinois,209192
17021,Illinois,32075
17023,Illinois,15268
17025,Illinois,13079
17027,Illinois,37398
17029,Illinois,50383
17031,Illinois,5108284
17033,Illinois,18512
17035,Illinois,10649
17037,Illinois,104491
17039,Illinois,15368
17041,Illinois,19510
17043,Illinois,917481
17045,Illinois,16858
17047,Illinois,6356
17049,Illinois,34065
17051,Illinois,21264
17053,Illinois,12949
17055,Illinois,38060
17057,Illinois,33690
17059,Illinois,4793
17061,Illinois,12702
17063,Illinois,50993
17065,Illinois,8084
17067,Illinois,17422
17069,Illinois,3808
17071,Illinois,6535
17073,Illinois,48411
17075,Illinois,26711
17077,Illinois,56675
17079,Illinois,9465
17081,Illinois,37235
17083,Illinois,21616
17085,Illinois,21239
17087,Illinois,12358
17089,Illinois,531010
17091,Illinois,108594
17093,Illinois,130638
17095,Illinois,49053
17097,Illinois,693593
17099,Illinois,107571
17101,Illinois,15467
17103,Illinois,33647
17105,Illinois,35414
17107,Illinois,28383
17109,Illinois,29295
17111,Illinois,305888
17113,Illinois,171256
17115,Illinois,103015
17117,Illinois,44567
17119,Illinois,262635
17121,Illinois,37045
17123,Illinois,11309
17125,Illinois,13173
17127,Illinois,13636
17129,Illinois,12068
17131,Illinois,15225
17133,Illinois,34739
17135,Illinois,28045
17137,Illinois,33400
17139,Illinois,14347
17141,Illinois,50306
17143,Illinois,177652
17145,Illinois,20664
17147,Illinois,16355
17149,Illinois,15239
17151,Illinois,4142
17153,Illinois,5201
17155,Illinois,5716
17157,Illinois,31351
17159,Illinois,15507
17161,Illinois,140907
17163,Illinois,258046
17165,Illinois,23182
17167,Illinois,193882
17169,Illinois,6738
17171,Illinois,4950
17173,Illinois,21299
17175,Illinois,5262
17177,Illinois,43831
17179,Illinois,130777
17181,Illinois,16498
17183,Illinois,74855
17185,Illinois,11190
17187,Illinois,16696
17189,Illinois,13764
17191,Illinois,16031
17193,Illinois,13364
17195,Illinois,54656
17197,Illinois,688726
17199,Illinois,66415
17201,Illinois,281295
17203,Illinois,38091
18001,Indiana,35839
18003,Indiana,382187
18005,Indiana,84447
18007,Indiana,8741
18009,Indiana,11782
18011,Indiana,69347
18013,Indiana,15112
18015,Indiana,20228
18017,Indiana,37388
18019,Indiana,119266
18021,Indiana,26246
18023,Indiana,32206
18025,Indiana,10629
18027,Indiana,33505
18029,Indiana,49824
18031,Indiana,26584
18033,Indiana,43670
18035,Indiana,113454
18037,Indiana,42542
18039,Indiana,206161
18041,Indiana,22892
18043,Indiana,78936
18045,Indiana,16511
18047,Indiana,22761
18049,Indiana,20018
18051,Indiana,33825
18053,Indiana,65225
18055,Indiana,32203
18057,Indiana,344238
18059,Indiana,79553
18061,Indiana,40682
18063,Indiana,173251
18065,Indiana,48033
18067,Indiana,82732
18069,Indiana,36395
18071,Indiana,44222
18073,Indiana,33440
18075,Indiana,20416
18077,Indiana,32110
18079,Indiana,27515
18081,Indiana,160607
18083,Indiana,36522
18085,Indiana,78988
18087,Indiana,40119
18089,Indiana,487536
18091,Indiana,109663
18093,Indiana,45496
18095,Indiana,129681
18097,Indiana,966183
18099,Indiana,46108
18101,Indiana,10079
18103,Indiana,35328
18105,Indiana,148219
18107,Indiana,38365
18109,Indiana,70707
18111,Indiana,13907
18113,Indiana,47832
18115,Indiana,5892
18117,Indiana,19651
18119,Indiana,20833
18121,Indiana,16871
18123,Indiana,19154
18125,Indiana,12378
18127,Indiana,170980
18129,Indiana,25275
18131,Indiana,12388
18133,Indiana,37469
18135,Indiana,24191
18137,Indiana,28448
18139,Indiana,16649
18141,Indiana,271484
18143,Indiana,23788
18145,Indiana,44871
18147,Indiana,20225
18149,Indiana,23049
18151,Indiana,34831
18153,Indiana,20578
18155,Indiana,10724
18157,Indiana,196115
18159,Indiana,15227
18161,Indiana,7119
18163,Indiana,182447
18165,Indiana,15329
18167,Indiana,106608
18169,Indiana,30784
18171,Indiana,8194
18173,Indiana,63269
18175,Indiana,28213
18177,Indiana,65778
18179,Indiana,28142
18181,Indiana,24165
18183,Indiana,34378
19001,Iowa,7059
19003,Iowa,3588
19005,Iowa,13642
19007,Iowa,12430
19009,Iowa,5481
19011,Iowa,25414
19013,Iowa,130786
19015,Iowa,26277
19017,Iowa,25311
19019,Iowa,21287
19021,Iowa,19772
19023,Iowa,14333
19025,Iowa,9473
19027,Iowa,19914
19029,Iowa,12817
19031,Iowa,18485
19033,Iowa,42103
19035,Iowa,11190
19037,Iowa,11834
19039,Iowa,9353
19041,Iowa,15976
19043,Iowa,17321
19045,Iowa,46392
19047,Iowa,16834
19049,Iowa,96963
19051,Iowa,9051
19053,Iowa,7769
19055,Iowa,16937
19057,Iowa,38708
19059,Iowa,17549
19061,Iowa,97590
19063,Iowa,9095
19065,Iowa,19258
19067,Iowa,15480
19069,Iowa,9971
19071,Iowa,6729
19073,Iowa,8795
19075,Iowa,12217
19077,Iowa,10737
19079,Iowa,14716
19081,Iowa,10507
19083,Iowa,16575
19085,Iowa,13928
19087,Iowa,19697
19089,Iowa,9176
19091,Iowa,9473
19093,Iowa,6833
19095,Iowa,16138
19097,Iowa,19205
19099,Iowa,37148
19101,Iowa,18347
19103,Iowa,153740
19105,Iowa,20617
19107,Iowa,10085
19109,Iowa,14680
19111,Iowa,33480
19113,Iowa,227854
19115,Iowa,11011
19117,Iowa,8518
19119,Iowa,11756
19121,Iowa,16521
19123,Iowa,22370
19125,Iowa,33168
19127,Iowa,39495
19129,Iowa,14766
19131,Iowa,10647
19133,Iowa,8598
19135,Iowa,7770
19137,Iowa,9935
19139,Iowa,42394
19141,Iowa,13679
19143,Iowa,5987
19145,Iowa,15073
19147,Iowa,8845
19149,Iowa,25219
19151,Iowa,6607
19153,Iowa,494281
19155,Iowa,93328
19157,Iowa,18381
19159,Iowa,4801
19161,Iowa,9603
19163,Iowa,173216
19165,Iowa,11430
19167,Iowa,35043
19169,Iowa,98237
19171,Iowa,16801
19173,Iowa,6092
19175,Iowa,12157
19177,Iowa,7069
19179,Iowa,34985
19181,Iowa,52265
19183,Iowa,21992
19185,Iowa,6415
19187,Iowa,35934
19189,Iowa,10277
19191,Iowa,19862
19193,Iowa,103138
19195,Iowa,7359
19197,Iowa,12416
20001,Kansas,12399
20003,Kansas,7949
20005,Kansas,16015
20007,Kansas,4358
20009,Kansas,25658
20011,Kansas,14435
20013,Kansas,9482
20015,Kansas,66992
20017,Kansas,2586
20019,Kansas,3230
20021,Kansas,19681
20023,Kansas,2600
20025,Kansas,1963
20027,Kansas,8025
20029,Kansas,8642
20031,Kansas,8158
20033,Kansas,1690
20035,Kansas,34628
20037,Kansas,38730
20039,Kansas,2776
20041,Kansas,18266
20043,Kansas,7496
20045,Kansas,122530
20047,Kansas,2750
20049,Kansas,2507
20051,Kansas,28671
20053,Kansas,6034
20055,Kansas,35917
20057,Kansas,33094
20059,Kansas,25703
20061,Kansas,32218
20063,Kansas,2621
20065,Kansas,2389
20067,Kansas,7077
20069,Kansas,5954
20071,Kansas,1196
20073,Kansas,5868
20075,Kansas,2425
20077,Kansas,5336
20079,Kansas,34291
20081,Kansas,3923
20083,Kansas,1779
20085,Kansas,13171
20087,Kansas,19032
20089,Kansas,2833
20091,Kansas,607220
20093,Kansas,3745
20095,Kansas,6974
20097,Kansas,2456
20099,Kansas,19586
20101,Kansas,1518
20103,Kansas,82246
20105,Kansas,2986
20107,Kansas,9654
20109,Kansas,2732
20111,Kansas,33045
20113,Kansas,28448
20115,Kansas,11652
20117,Kansas,9652
20119,Kansas,4029
20121,Kansas,34334
20123,Kansas,5879
20125,Kansas,31502
20127,Kansas,5559
20129,Kansas,2538
20131,Kansas,10121
20133,Kansas,15929
20135,Kansas,2768
20137,Kansas,5328
20139,Kansas,15770
20141,Kansas,3439
20143,Kansas,5712
20145,Kansas,6366
20147,Kansas,5181
20149,Kansas,24722
20151,Kansas,9127
20153,Kansas,2511
20155,Kansas,61793
20157,Kansas,4536
20159,Kansas,9362
20161,Kansas,73202
20163,Kansas,4827
20165,Kansas,2947
20167,Kansas,6804
20169,Kansas,53926
20171,Kansas,4790
20173,Kansas,519907
20175,Kansas,21038
20177,Kansas,175999
20179,Kansas,2520
20181,Kansas,5777
20183,Kansas,3544
20185,Kansas,4046
20187,Kansas,1969
20189,Kansas,5388
20191,Kansas,22578
20193,Kansas,7702
20195,Kansas,2758
20197,Kansas,6906
20199,Kansas,1536
20201,Kansas,5427
20203,Kansas,2074
20205,Kansas,8362
20207,Kansas,3015
20209,Kansas,165265
21001,Kentucky,19555
21003,Kentucky,21303
21005,Kentucky,22833
21007,Kentucky,7769
21009,Kentucky,44300
21011,Kentucky,12481
21013,Kentucky,25482
21015,Kentucky,135396
21017,Kentucky,19901
21019,Kentucky,46516
21021,Kentucky,30367
21023,Kentucky,8286
21025,Kentucky,12550
21027,Kentucky,20537
21029,Kentucky,82182
21031,Kentucky,12703
21033,Kentucky,12687
21035,Kentucky,39300
21037,Kentucky,94020
21039,Kentucky,4692
21041,Kentucky,10730
21043,Kentucky,26542
21045,Kentucky,16066
21047,Kentucky,71478
21049,Kentucky,36463
21051,Kentucky,19631
21053,Kentucky,10110
21055,Kentucky,8847
21057,Kentucky,6523
21059,Kentucky,101978
21061,Kentucky,12235
21063,Kentucky,7372
21065,Kentucky,14109
21067,Kentucky,324735
21069,Kentucky,14603
21071,Kentucky,34974
21073,Kentucky,51118
21075,Kentucky,5952
21077,Kentucky,8779
21079,Kentucky,17719
21081,Kentucky,25387
21083,Kentucky,36818
21085,Kentucky,26480
21087,Kentucky,10995
21089,Kentucky,34865
21091,Kentucky,8742
21093,Kentucky,111309
21095,Kentucky,25566
21097,Kentucky,18920
21099,Kentucky,19013
21101,Kentucky,44740
21103,Kentucky,16067
21105,Kentucky,4364
21107,Kentucky,44662
21109,Kentucky,13340
21111,Kentucky,767452
21113,Kentucky,54057
21115,Kentucky,22002
21117,Kentucky,167949
21119,Kentucky,14512
21121,Kentucky,31022
21123,Kentucky,14431
21125,Kentucky,61238
21127,Kentucky,15436
21129,Kentucky,7268
21131,Kentucky,9637
21133,Kentucky,21213
21135,Kentucky,13262
21137,Kentucky,24466
21139,Kentucky,9041
21141,Kentucky,27416
21143,Kentucky,8133
21145,Kentucky,65644
21147,Kentucky,17071
21149,Kentucky,9075
21151,Kentucky,94265
21153,Kentucky,12017
21155,Kentucky,19314
21157,Kentucky,31163
21159,Kentucky,11031
21161,Kentucky,17035
21163,Kentucky,28616
21165,Kentucky,6502
21167,Kentucky,21889
21169,Kentucky,10058
21171,Kentucky,10549
21173,Kentucky,28186
21175,Kentucky,13142
21177,Kentucky,30457
21179,Kentucky,46450
21181,Kentucky,7234
21183,Kentucky,23899
21185,Kentucky,66999
21187,Kentucky,11017
21189,Kentucky,4331
21191,Kentucky,14586
21193,Kentucky,25456
21195,Kentucky,57057
21197,Kentucky,12218
21199,Kentucky,65530
21201,Kentucky,2136
21203,Kentucky,16750
21205,Kentucky,24682
21207,Kentucky,17998
21209,Kentucky,58470
21211,Kentucky,49611
21213,Kentucky,18635
21215,Kentucky,19585
21217,Kentucky,25707
21219,Kentucky,12448
21221,Kentucky,14776
21223,Kentucky,8481
21225,Kentucky,14443
21227,Kentucky,134510
21229,Kentucky,12147
21231,Kentucky,20209
21233,Kentucky,12923
21235,Kentucky,36451
21237,Kentucky,7106
21239,Kentucky,26765
22001,Louisiana,61918
22003,Louisiana,25440
22005,Louisiana,128665
22007,Louisiana,21621
22009,Louisiana,39966
22011,Louisiana,37881
22013,Louisiana,12983
22015,Louisiana,127275
22017,Louisiana,237479
22019,Louisiana,203310
22021,Louisiana,9839
22023,Louisiana,7003
22025,Louisiana,9226
22027,Louisiana,15508
22029,Louisiana,18914
22031,Louisiana,27650
22033,Louisiana,439729
22035,Louisiana,6589
22037,Louisiana,18882
22039,Louisiana,33276
22041,Louisiana,19723
22043,Louisiana,22254
22045,Louisiana,68991
22047,Louisiana,32070
22049,Louisiana,15574
22051,Louisiana,432346
22053,Louisiana,31208
22055,Louisiana,246518
22057,Louisiana,97596
22059,Louisiana,15021
22061,Louisiana,46552
22063,Louisiana,143737
22065,Louisiana,10635
22067,Louisiana,24227
22069,Louisiana,37655
22071,Louisiana,389476
22073,Louisiana,152439
22075,Louisiana,23113
22077,Louisiana,21529
22079,Louisiana,128567
22081,Louisiana,8286
22083,Louisiana,20014
22085,Louisiana,23803
22087,Louisiana,47647
22089,Louisiana,52987
22091,Louisiana,10081
22093,Louisiana,20727
22095,Louisiana,42516
22097,Louisiana,81440
22099,Louisiana,52954
22101,Louisiana,48330
22103,Louisiana,263446
22105,Louisiana,136765
22107,Louisiana,4178
22109,Louisiana,109859
22111,Louisiana,22170
22113,Louisiana,59378
22115,Louisiana,47894
22117,Louisiana,45773
22119,Louisiana,37943
22121,Louisiana,26792
22123,Louisiana,10646
22125,Louisiana,15465
22127,Louisiana,13839
23001,Maine,108547
23003,Maine,66804
23005,Maine,298111
23007,Maine,29986
23009,Maine,55088
23011,Maine,122955
23013,Maine,39951
23015,Maine,34775
23017,Maine,58132
23019,Maine,151655
23021,Maine,16996
23023,Maine,36044
23025,Maine,50635
23027,Maine,39923
23029,Maine,31473
23031,Maine,209066
24001,Maryland,70057
24003,Maryland,582777
24005,Maryland,826017
24009,Maryland,93072
24011,Maryland,33492
24013,Maryland,169092
24015,Maryland,103419
24017,Maryland,164436
24019,Maryland,31853
24021,Maryland,265161
24023,Maryland,28852
24025,Maryland,256805
24027,Maryland,328200
24029,Maryland,19192
24031,Maryland,1051816
24033,Maryland,909612
24035,Maryland,51167
24037,Maryland,114687
24039,Maryland,25453
24041,Maryland,36972
24043,Maryland,151146
24045,Maryland,103990
24047,Maryland,52403
24510,Maryland,586131
25001,Massachusetts,213164
25003,Massachusetts,124571
25005,Massachusetts,566765
25007,Massachusetts,17461
25009,Massachusetts,791263
25011,Massachusetts,70267
25013,Massachusetts,463986
25015,Massachusetts,161401
25017,Massachusetts,1609379
25019,Massachusetts,11376
25021,Massachusetts,709409
25023,Massachusetts,523738
25025,Massachusetts,801582
25027,Massachusetts,829212
26001,Michigan,10505
26003,Michigan,9015
26005,Michigan,118927
26007,Michigan,28238
26009,Michigan,23449
26011,Michigan,14953
26013,Michigan,8164
26015,Michigan,62061
26017,Michigan,102387
26019,Michigan,17852
26021,Michigan,153025
26023,Michigan,43424
26025,Michigan,133580
26027,Michigan,51584
26029,Michigan,26105
26031,Michigan,25365
26033,Michigan,36958
26035,Michigan,30771
26037,Michigan,79753
26039,Michigan,13981
26041,Michigan,35612
26043,Michigan,25112
26045,Michigan,110148
26047,Michigan,33342
26049,Michigan,404794
26051,Michigan,25424
26053,Michigan,13842
26055,Michigan,93592
26057,Michigan,40283
26059,Michigan,45658
26061,Michigan,35126
26063,Michigan,30653
26065,Michigan,290609
26067,Michigan,64553
26069,Michigan,25140
26071,Michigan,11066
26073,Michigan,69504
26075,Michigan,156920
26077,Michigan,265988
26079,Michigan,18003
26081,Michigan,658708
26083,Michigan,2119
26085,Michigan,11587
26087,Michigan,87635
26089,Michigan,21743
26091,Michigan,97808
26093,Michigan,192335
26095,Michigan,6126
26097,Michigan,10839
26099,Michigan,870791
26101,Michigan,24738
26103,Michigan,65834
26105,Michigan,29164
26107,Michigan,43907
26109,Michigan,22608
26111,Michigan,83441
26113,Michigan,15152
26115,Michigan,150568
26117,Michigan,63476
26119,Michigan,9337
26121,Michigan,173883
26123,Michigan,49348
26125,Michigan,1253459
26127,Michigan,26819
26129,Michigan,20923
26131,Michigan,5656
26133,Michigan,23466
26135,Michigan,8368
26137,Michigan,24765
26139,Michigan,294635
26141,Michigan,12665
26143,Michigan,23986
26145,Michigan,189868
26147,Michigan,159293
26149,Michigan,60848
26151,Michigan,40747
26153,Michigan,8104
26155,Michigan,67738
26157,Michigan,52289
26159,Michigan,75474
26161,Michigan,366473
26163,Michigan,1740623
26165,Michigan,33743
27001,Minnesota,15848
27003,Minnesota,359921
27005,Minnesota,34456
27007,Minnesota,47442
27009,Minnesota,40958
27011,Minnesota,4923
27013,Minnesota,68241
27015,Minnesota,24846
27017,Minnesota,35769
27019,Minnesota,106565
27021,Minnesota,29928
27023,Minnesota,11758
27025,Minnesota,56794
27027,Minnesota,64690
27029,Minnesota,9017
27031,Minnesota,5417
27033,Minnesota,11242
27035,Minnesota,65644
27037,Minnesota,431807
27039,Minnesota,20987
27041,Minnesota,38328
27043,Minnesota,13601
27045,Minnesota,21135
27047,Minnesota,30364
27049,Minnesota,46318
27051,Minnesota,6026
27053,Minnesota,1268408
27055,Minnesota,18632
27057,Minnesota,21783
27059,Minnesota,41429
27061,Minnesota,45268
27063,Minnesota,9768
27065,Minnesota,16416
27067,Minnesota,43130
27069,Minnesota,4214
27071,Minnesota,12059
27073,Minnesota,6527
27075,Minnesota,10639
27077,Minnesota,3754
27079,Minnesota,28741
27081,Minnesota,5568
27083,Minnesota,25271
27085,Minnesota,35710
27087,Minnesota,5473
27089,Minnesota,9321
27091,Minnesota,19484
27093,Minnesota,23341
27095,Minnesota,26146
27097,Minnesota,33187
27099,Minnesota,40150
27101,Minnesota,8155
27103,Minnesota,34482
27105,Minnesota,21400
27107,Minnesota,6338
27109,Minnesota,159298
27111,Minnesota,58741
27113,Minnesota,13874
27115,Minnesota,29359
27117,Minnesota,9121
27119,Minnesota,30900
27121,Minnesota,11277
27123,Minnesota,547903
27125,Minnesota,4046
27127,Minnesota,15079
27129,Minnesota,14403
27131,Minnesota,67084
27133,Minnesota,9301
27135,Minnesota,15117
27137,Minnesota,198538
27139,Minnesota,150689
27141,Minnesota,98811
27143,Minnesota,14715
27145,Minnesota,162038
27147,Minnesota,36596
27149,Minnesota,9765
27151,Minnesota,9176
27153,Minnesota,24732
27155,Minnesota,3218
27157,Minnesota,21642
27159,Minnesota,13807
27161,Minnesota,18550
27163,Minnesota,265476
27165,Minnesota,10792
27167,Minnesota,6161
27169,Minnesota,50485
27171,Minnesota,140249
27173,Minnesota,9580
28001,Mississippi,30275
28003,Mississippi,36889
28005,Mississippi,12205
28007,Mississippi,18004
28009,Mississippi,8351
28011,Mississippi,30142
28013,Mississippi,14241
28015,Mississippi,9732
28017,Mississippi,16951
28019,Mississippi,8063
28021,Mississippi,8911
28023,Mississippi,15299
28025,Mississippi,19352
28027,Mississippi,21564
28029,Mississippi,27933
28031,Mississippi,18518
28033,Mississippi,188275
28035,Mississippi,75009
28037,Mississippi,7657
28039,Mississippi,24425
28041,Mississippi,13477
28043,Mississippi,20610
28045,Mississippi,48000
28047,Mississippi,208801
28049,Mississippi,227966
28051,Mississippi,16726
28053,Mississippi,7827
28055,Mississippi,1220
28057,Mississippi,23261
28059,Mississippi,143802
28061,Mississippi,16332
28063,Mississippi,6997
28065,Mississippi,10890
28067,Mississippi,67993
28069,Mississippi,9521
28071,Mississippi,54408
28073,Mississippi,64165
28075,Mississippi,73751
28077,Mississippi,12480
28079,Mississippi,22741
28081,Mississippi,85466
28083,Mississippi,27854
28085,Mississippi,33936
28087,Mississippi,58309
28089,Mississippi,106871
28091,Mississippi,24441
28093,Mississippi,35301
28095,Mississippi,35123
28097,Mississippi,9661
28099,Mississippi,28996
28101,Mississippi,20866
28103,Mississippi,10236
28105,Mississippi,49789
28107,Mississippi,33848
28109,Mississippi,55876
28111,Mississippi,11862
28113,Mississippi,38997
28115,Mississippi,32461
28117,Mississippi,25013
28119,Mississippi,6760
28121,Mississippi,155975
28123,Mississippi,28061
28125,Mississippi,4160
28127,Mississippi,26629
28129,Mississippi,15779
28131,Mississippi,18360
28133,Mississippi,24740
28135,Mississippi,13707
28137,Mississippi,28539
28139,Mississippi,21748
28141,Mississippi,19275
28143,Mississippi,9392
28145,Mississippi,28866
28147,Mississippi,14294
28149,Mississippi,44841
28151,Mississippi,42837
28153,Mississippi,20317
28155,Mississippi,9676
28157,Mississippi,8351
28159,Mississippi,17845
28161,Mississippi,11982
28163,Mississippi,26982
29001,Missouri,25399
29003,Missouri,17586
29005,Missouri,5096
29007,Missouri,24835
29009,Missouri,35818
29011,Missouri,11592
29013,Missouri,16242
29015,Missouri,19627
29017,Missouri,12111
29019,Missouri,182991
29021,Missouri,86530
29023,Missouri,42178
29025,Missouri,9051
29027,Missouri,44887
29029,Missouri,46414
29031,Missouri,79512
29033,Missouri,8554
29035,Missouri,5991
29037,Missouri,106806
29039,Missouri,14322
29041,Missouri,7360
29043,Missouri,90655
29045,Missouri,6830
29047,Missouri,253463
29049,Missouri,20553
29051,Missouri,76191
29053,Missouri,17102
29055,Missouri,23739
29057,Missouri,7568
29059,Missouri,17219
29061,Missouri,8283
29063,Missouri,10944
29065,Missouri,15481
29067,Missouri,13344
29069,Missouri,28878
29071,Missouri,104469
29073,Missouri,14566
29075,Missouri,6484
29077,Missouri,294997
29079,Missouri,9595
29081,Missouri,8321
29083,Missouri,22076
29085,Missouri,9586
29087,Missouri,4232
29089,Missouri,10001
29091,Missouri,40262
29093,Missouri,10098
29095,Missouri,705925
29097,Missouri,121648
29099,Missouri,226543
29101,Missouri,54219
29103,Missouri,3940
29105,Missouri,35895
29107,Missouri,33006
29109,Missouri,38175
29111,Missouri,9810
29113,Missouri,60119
29115,Missouri,11830
29117,Missouri,14413
29119,Missouri,22900
29121,Missouri,15095
29123,Missouri,12113
29125,Missouri,8795
29127,Missouri,28423
29129,Missouri,3558
29131,Missouri,25791
29133,Missouri,12691
29135,Missouri,15585
29137,Missouri,8672
29139,Missouri,11294
29141,Missouri,20716
29143,Missouri,16693
29145,Missouri,58451
29147,Missouri,21743
29149,Missouri,10411
29151,Missouri,13535
29153,Missouri,9083
29155,Missouri,15600
29157,Missouri,19194
29159,Missouri,42490
29161,Missouri,44414
29163,Missouri,17552
29165,Missouri,106532
29167,Missouri,32490
29169,Missouri,52709
29171,Missouri,4688
29173,Missouri,10299
29175,Missouri,24409
29177,Missouri,22915
29179,Missouri,6198
29181,Missouri,13300
29183,Missouri,406204
29185,Missouri,9689
29186,Missouri,17924
29187,Missouri,66485
29189,Missouri,994020
29195,Missouri,22858
29197,Missouri,4534
29199,Missouri,4871
29201,Missouri,38288
29203,Missouri,8203
29205,Missouri,5919
29207,Missouri,29001
29209,Missouri,32465
29211,Missouri,6033
29213,Missouri,56104
29215,Missouri,25112
29217,Missouri,20388
29219,Missouri,36594
29221,Missouri,24604
29223,Missouri,12769
29225,Missouri,39859
29227,Missouri,1953
29229,Missouri,18325
29510,Missouri,297645
30001,Montana,9483
30003,Montana,13063
30005,Montana,6568
30007,Montana,6444
30009,Montana,10921
30011,Montana,1235
30013,Montana,81346
30015,Montana,5699
30017,Montana,11292
30019,Montana,1638
30021,Montana,8555
30023,Montana,9204
30025,Montana,2826
30027,Montana,11104
30029,Montana,105851
30031,Montana,116806
30033,Montana,1268
30035,Montana,13594
30037,Montana,827
30039,Montana,3317
30041,Montana,16358
30043,Montana,12360
30045,Montana,1994
30047,Montana,30986
30049,Montana,70229
30051,Montana,2369
30053,Montana,20343
30055,Montana,1648
30057,Montana,8959
30059,Montana,1831
30061,Montana,4544
30063,Montana,121630
30065,Montana,4669
30067,Montana,16760
30069,Montana,500
30071,Montana,3919
30073,Montana,5782
30075,Montana,1681
30077,Montana,6817
30079,Montana,1067
30081,Montana,45002
30083,Montana,11043
30085,Montana,10964
30087,Montana,8836
30089,Montana,12157
30091,Montana,3261
30093,Montana,35180
30095,Montana,9888
30097,Montana,3684
30099,Montana,6249
30101,Montana,4686
30103,Montana,695
30105,Montana,7359
30107,Montana,2157
30109,Montana,939
30111,Montana,162990
31001,Nebraska,31321
31003,Nebraska,6264
31005,Nebraska,466
31007,Nebraska,786
31009,Nebraska,457
31011,Nebraska,5096
31013,Nebraska,10696
31015,Nebraska,1860
31017,Nebraska,2981
31019,Nebraska,50114
31021,Nebraska,6477
31023,Nebraska,7960
31025,Nebraska,26232
31027,Nebraska,8414
31029,Nebraska,3840
31031,Nebraska,5781
31033,Nebraska,9111
31035,Nebraska,6216
31037,Nebraska,10587
31039,Nebraska,8798
31041,Nebraska,10626
31043,Nebraska,20070
31045,Nebraska,8361
31047,Nebraska,23510
31049,Nebraska,1793
31051,Nebraska,5596
31053,Nebraska,36222
31055,Nebraska,574332
31057,Nebraska,1671
31059,Nebraska,5519
31061,Nebraska,2940
31063,Nebraska,2587
31065,Nebraska,4653
31067,Nebraska,21431
31069,Nebraska,1847
31071,Nebraska,1956
31073,Nebraska,1986
31075,Nebraska,630
31077,Nebraska,2319
31079,Nebraska,61028
31081,Nebraska,9237
31083,Nebraska,3311
31085,Nebraska,916
31087,Nebraska,2773
31089,Nebraska,9956
31091,Nebraska,647
31093,Nebraska,6488
31095,Nebraska,7099
31097,Nebraska,5057
31099,Nebraska,6652
31101,Nebraska,7983
31103,Nebraska,759
31105,Nebraska,3495
31107,Nebraska,8304
31109,Nebraska,320650
31111,Nebraska,34347
31113,Nebraska,747
31115,Nebraska,650
31117,Nebraska,474
31119,Nebraska,34813
31121,Nebraska,7809
31123,Nebraska,4625
31125,Nebraska,3532
31127,Nebraska,7044
31129,Nebraska,4134
31131,Nebraska,15965
31133,Nebraska,2601
31135,Nebraska,2867
31137,Nebraska,9006
31139,Nebraska,7184
31141,Nebraska,33364
31143,Nebraska,5201
31145,Nebraska,10627
31147,Nebraska,7791
31149,Nebraska,1377
31151,Nebraska,13987
31153,Nebraska,188856
31155,Nebraska,21927
31157,Nebraska,35299
31159,Nebraska,17186
31161,Nebraska,5150
31163,Nebraska,2986
31165,Nebraska,1200
31167,Nebraska,5880
31169,Nebraska,4887
31171,Nebraska,739
31173,Nebraska,7220
31175,Nebraska,4103
31177,Nebraska,20901
31179,Nebraska,9492
31181,Nebraska,3419
31183,Nebraska,790
31185,Nebraska,13511
32001,Nevada,25363
32003,Nevada,2315963
32005,Nevada,49088
32007,Nevada,53006
32009,Nevada,886
32011,Nevada,2065
32013,Nevada,16962
32015,Nevada,5514
32017,Nevada,5159
32019,Nevada,58319
32021,Nevada,4518
32023,Nevada,48054
32027,Nevada,6573
32029,Nevada,4207
32031,Nevada,477082
32033,Nevada,9466
32510,Nevada,56034
33001,New Hampshire,61551
33003,New Hampshire,49167
33005,New Hampshire,76228
33007,New Hampshire,31174
33009,New Hampshire,90691
33011,New Hampshire,418735
33013,New Hampshire,152622
33015,New Hampshire,311307
33017,New Hampshire,131533
33019,New Hampshire,43267
34001,New Jersey,262945
34003,New Jersey,930394
34005,New Jersey,446596
34007,New Jersey,506809
34009,New Jersey,91546
34011,New Jersey,147008
34013,New Jersey,800501
34015,New Jersey,293245
34017,New Jersey,671666
34019,New Jersey,124797
34021,New Jersey,367239
34023,New Jersey,822736
34025,New Jersey,618381
34027,New Jersey,491087
34029,New Jersey,614237
34031,New Jersey,500382
34033,New Jersey,62451
34035,New Jersey,329331
34037,New Jersey,140002
34039,New Jersey,555394
34041,New Jersey,105624
35001,New Mexico,681666
35003,New Mexico,3623
35005,New Mexico,64711
35006,New Mexico,26354
35007,New Mexico,11927
35009,New Mexico,48793
35011,New Mexico,1673
35013,New Mexico,221262
35015,New Mexico,58418
35017,New Mexico,27007
35019,New Mexico,4275
35021,New Mexico,638
35023,New Mexico,4106
35025,New Mexico,71830
35027,New Mexico,19939
35028,New Mexico,19462
35029,New Mexico,23905
35031,New Mexico,70824
35033,New Mexico,4478
35035,New Mexico,67967
35037,New Mexico,8197
35039,New Mexico,38521
35041,New Mexico,18350
35043,New Mexico,148904
35045,New Mexico,123312
35047,New Mexico,27144
35049,New Mexico,151946
35051,New Mexico,10867
35053,New Mexico,16541
35055,New Mexico,32593
35057,New Mexico,15486
35059,New Mexico,4026
35061,New Mexico,77574
36001,New York,303654
36003,New York,45587
36005,New York,1401142
36007,New York,189420
36009,New York,75863
36011,New York,76029
36013,New York,126032
36015,New York,82622
36017,New York,46730
36019,New York,79778
36021,New York,59534
36023,New York,47173
36025,New York,43938
36027,New York,293293
36029,New York,917241
36031,New York,36891
36033,New York,49965
36035,New York,52812
36037,New York,56994
36039,New York,47177
36041,New York,4345
36043,New York,60945
36045,New York,108095
36047,New York,2538934
36049,New York,26187
36051,New York,62398
36053,New York,70478
36055,New York,740900
36057,New York,49170
36059,New York,1351334
36061,New York,1611989
36063,New York,208396
36065,New York,227346
36067,New York,459214
36069,New York,110091
36071,New York,385234
36073,New York,39978
36075,New York,116346
36077,New York,58701
36079,New York,98532
36081,New York,2225821
36083,New York,158108
36085,New York,475327
36087,New York,326225
36089,New York,107185
36091,New York,230298
36093,New York,155358
36095,New York,31132
36097,New York,17685
36099,New York,33991
36101,New York,94657
36103,New York,1474273
36105,New York,75802
36107,New York,47904
36109,New York,101058
36111,New York,177716
36113,New York,63756
36115,New York,60606
36117,New York,89339
36119,New York,965802
36121,New York,39465
36123,New York,24780
37001,North Carolina,171346
37003,North Carolina,37441
37005,North Carolina,11194
37007,North Carolina,24097
37009,North Carolina,27166
37011,North Carolina,17571
37013,North Carolina,47073
37015,North Carolina,18712
37017,North Carolina,32911
37019,North Carolina,149039
37021,North Carolina,263477
37023,North Carolina,90418
37025,North Carolina,221479
37027,North Carolina,82100
37029,North Carolina,10984
37031,North Carolina,69558
37033,North Carolina,22443
37035,North Carolina,160307
37037,North Carolina,75748
37039,North Carolina,29073
37041,North Carolina,13815
37043,North Carolina,11505
37045,North Carolina,99035
37047,North Carolina,54754
37049,North Carolina,101233
37051,North Carolina,336364
37053,North Carolina,29052
37055,North Carolina,37547
37057,North Carolina,169234
37059,North Carolina,43286
37061,North Carolina,58794
37063,North Carolina,327306
37065,North Carolina,50829
37067,North Carolina,383843
37069,North Carolina,71859
37071,North Carolina,226568
37073,North Carolina,11464
37075,North Carolina,8474
37077,North Carolina,60486
37079,North Carolina,20928
37081,North Carolina,540521
37083,North Carolina,49479
37085,North Carolina,137058
37087,North Carolina,62972
37089,North Carolina,118445
37091,North Carolina,23108
37093,North Carolina,55830
37095,North Carolina,4843
37097,North Carolina,185770
37099,North Carolina,44033
37101,North Carolina,216246
37103,North Carolina,9250
37105,North Carolina,62353
37107,North Carolina,55720
37109,North Carolina,88097
37111,North Carolina,45782
37113,North Carolina,35994
37115,North Carolina,21740
37117,North Carolina,22178
37119,North Carolina,1128945
37121,North Carolina,14881
37123,North Carolina,27238
37125,North Carolina,103352
37127,North Carolina,94859
37129,North Carolina,236613
37131,North Carolina,19088
37133,North Carolina,203943
37135,North Carolina,149077
37137,North Carolina,12715
37139,North Carolina,40372
37141,North Carolina,64671
37143,North Carolina,13667
37145,North Carolina,39925
37147,North Carolina,182924
37149,North Carolina,21030
37151,North Carolina,144557
37153,North Carolina,44332
37155,North Carolina,129999
37157,North Carolina,91285
37159,North Carolina,142495
37161,North Carolina,67076
37163,North Carolina,63382
37165,North Carolina,34637
37167,North Carolina,63239
37169,North Carolina,45743
37171,North Carolina,71683
37173,North Carolina,14179
37175,North Carolina,34498
37177,North Carolina,3774
37179,North Carolina,244562
37181,North Carolina,44718
37183,North Carolina,1132271
37185,North Carolina,19522
37187,North Carolina,11485
37189,North Carolina,56441
37191,North Carolina,123967
37193,North Carolina,68043
37195,North Carolina,81979
37197,North Carolina,37625
37199,North Carolina,18099
38001,North Dakota,2188
38003,North Dakota,10402
38005,North Dakota,6762
38007,North Dakota,890
38009,North Dakota,6287
38011,North Dakota,2986
38013,North Dakota,2118
38015,North Dakota,96212
38017,North Dakota,183904
38019,North Dakota,3713
38021,North Dakota,4705
38023,North Dakota,2277
38025,North Dakota,4465
38027,North Dakota,2179
38029,North Dakota,3187
38031,North Dakota,3165
38033,North Dakota,1737
38035,North Dakota,69481
38037,North Dakota,2215
38039,North Dakota,2207
38041,North Dakota,2438
38043,North Dakota,2458
38045,North Dakota,4033
38047,North Dakota,1880
38049,North Dakota,5695
38051,North Dakota,2440
38053,North Dakota,15242
38055,North Dakota,9416
38057,North Dakota,8174
38059,North Dakota,31503
38061,North Dakota,10502
38063,North Dakota,2789
38065,North Dakota,1926
38067,North Dakota,6658
38069,North Dakota,3928
38071,North Dakota,11388
38073,North Dakota,5173
38075,North Dakota,2283
38077,North Dakota,16156
38079,North Dakota,14165
38081,North Dakota,3913
38083,North Dakota,1275
38085,North Dakota,4173
38087,North Dakota,747
38089,North Dakota,32107
38091,North Dakota,1890
38093,North Dakota,20498
38095,North Dakota,2108
38097,North Dakota,7959
38099,North Dakota,10437
38101,North Dakota,68466
38103,North Dakota,3709
38105,North Dakota,38700
39001,Ohio,27531
39003,Ohio,101980
39005,Ohio,53362
39007,Ohio,96513
39009,Ohio,65481
39011,Ohio,45680
39013,Ohio,65932
39015,Ohio,43414
39017,Ohio,385648
39019,Ohio,26897
39021,Ohio,38960
39023,Ohio,133593
39025,Ohio,207449
39027,Ohio,41921
39029,Ohio,101118
39031,Ohio,36449
39033,Ohio,41338
39035,Ohio,1227883
39037,Ohio,51205
39039,Ohio,37778
39041,Ohio,213554
39043,Ohio,73719
39045,Ohio,159709
39047,Ohio,28579
39049,Ohio,1324624
39051,Ohio,41889
39053,Ohio,29802
39055,Ohio,93271
39057,Ohio,170122
39059,Ohio,38779
39061,Ohio,817985
39063,Ohio,75407
39065,Ohio,31469
39067,Ohio,15014
39069,Ohio,26904
39071,Ohio,43304
39073,Ohio,28095
39075,Ohio,44004
39077,Ohio,57979
39079,Ohio,32493
39081,Ohio,64939
39083,Ohio,62423
39085,Ohio,229569
39087,Ohio,59091
39089,Ohio,178100
39091,Ohio,45326
39093,Ohio,312172
39095,Ohio,428294
39097,Ohio,44559
39099,Ohio,226075
39101,Ohio,64820
39103,Ohio,180912
39105,Ohio,22678
39107,Ohio,41274
39109,Ohio,107516
39111,Ohio,13586
39113,Ohio,531610
39115,Ohio,14305
39117,Ohio,35411
39119,Ohio,86020
39121,Ohio,14364
39123,Ohio,40253
39125,Ohio,18648
39127,Ohio,36215
39129,Ohio,58658
39131,Ohio,27695
39133,Ohio,162583
39135,Ohio,40836
39137,Ohio,33654
39139,Ohio,120891
39141,Ohio,76420
39143,Ohio,58351
39145,Ohio,74347
39147,Ohio,54938
39149,Ohio,48337
39151,Ohio,369772
39153,Ohio,538866
39155,Ohio,196800
39157,Ohio,91776
39159,Ohio,60021
39161,Ohio,28159
39163,Ohio,12972
39165,Ohio,238412
39167,Ohio,59652
39169,Ohio,115694
39171,Ohio,36565
39173,Ohio,131113
39175,Ohio,21711
40001,Oklahoma,21955
40003,Oklahoma,5718
40005,Oklahoma,13912
40007,Oklahoma,5207
40009,Oklahoma,21468
40011,Oklahoma,9447
40013,Oklahoma,48998
40015,Oklahoma,28684
40017,Oklahoma,153192
40019,Oklahoma,48353
40021,Oklahoma,49019
40023,Oklahoma,14646
40025,Oklahoma,2145
40027,Oklahoma,287066
40029,Oklahoma,5587
40031,Oklahoma,121099
40033,Oklahoma,5676
40035,Oklahoma,14194
40037,Oklahoma,71485
40039,Oklahoma,28648
40041,Oklahoma,43136
40043,Oklahoma,4815
40045,Oklahoma,3830
40047,Oklahoma,60869
40049,Oklahoma,27691
40051,Oklahoma,55906
40053,Oklahoma,4372
40055,Oklahoma,5704
40057,Oklahoma,2557
40059,Oklahoma,3611
40061,Oklahoma,12652
40063,Oklahoma,13126
40065,Oklahoma,24305
40067,Oklahoma,5949
40069,Oklahoma,10824
40071,Oklahoma,43274
40073,Oklahoma,15806
40075,Oklahoma,8741
40077,Oklahoma,10132
40079,Oklahoma,49935
40081,Oklahoma,35045
40083,Oklahoma,48777
40085,Oklahoma,10230
40087,Oklahoma,41348
40089,Oklahoma,32772
40091,Oklahoma,19635
40093,Oklahoma,7579
40095,Oklahoma,17114
40097,Oklahoma,41152
40099,Oklahoma,13955
40101,Oklahoma,67610
40103,Oklahoma,11113
40105,Oklahoma,10076
40107,Oklahoma,11765
40109,Oklahoma,804041
40111,Oklahoma,38234
40113,Oklahoma,46642
40115,Oklahoma,30879
40117,Oklahoma,16381
40119,Oklahoma,81755
40121,Oklahoma,43679
40123,Oklahoma,38397
40125,Oklahoma,72998
40127,Oklahoma,10970
40129,Oklahoma,3570
40131,Oklahoma,93155
40133,Oklahoma,24248
40135,Oklahoma,41538
40137,Oklahoma,43100
40139,Oklahoma,19997
40141,Oklahoma,7229
40143,Oklahoma,657589
40145,Oklahoma,82925
40147,Oklahoma,52222
40149,Oklahoma,10830
40151,Oklahoma,8687
40153,Oklahoma,19812
41001,Oregon,16284
41003,Oregon,93239
41005,Oregon,421596
41007,Oregon,40423
41009,Oregon,52876
41011,Oregon,64711
41013,Oregon,25105
41015,Oregon,23305
41017,Oregon,201769
41019,Oregon,111364
41021,Oregon,1975
41023,Oregon,7180
41025,Oregon,7373
41027,Oregon,23280
41029,Oregon,221844
41031,Oregon,24856
41033,Oregon,88053
41035,Oregon,68739
41037,Oregon,7949
41039,Oregon,382986
41041,Oregon,50583
41043,Oregon,131054
41045,Oregon,30983
41047,Oregon,349204
41049,Oregon,11700
41051,Oregon,815637
41053,Oregon,87744
41055,Oregon,1801
41057,Oregon,27442
41059,Oregon,77752
41061,Oregon,26551
41063,Oregon,7181
41065,Oregon,26403
41067,Oregon,603514
41069,Oregon,1387
41071,Oregon,107664
42001,Pennsylvania,102742
42003,Pennsylvania,1211358
42005,Pennsylvania,64162
42007,Pennsylvania,162575
42009,Pennsylvania,47817
42011,Pennsylvania,421017
42013,Pennsylvania,121007
42015,Pennsylvania,60221
42017,Pennsylvania,627987
42019,Pennsylvania,189135
42021,Pennsylvania,128672
42023,Pennsylvania,4330
42025,Pennsylvania,64081
42027,Pennsylvania,161496
42029,Pennsylvania,526759
42031,Pennsylvania,38305
42033,Pennsylvania,78612
42035,Pennsylvania,37957
42037,Pennsylvania,64842
42039,Pennsylvania,83697
42041,Pennsylvania,255857
42043,Pennsylvania,279874
42045,Pennsylvania,566753
42047,Pennsylvania,29607
42049,Pennsylvania,268426
42051,Pennsylvania,128126
42053,Pennsylvania,6965
42055,Pennsylvania,155637
42057,Pennsylvania,14501
42059,Pennsylvania,35621
42061,Pennsylvania,44590
42063,Pennsylvania,83664
42065,Pennsylvania,43108
42067,Pennsylvania,24619
42069,Pennsylvania,208989
42071,Pennsylvania,546192
42073,Pennsylvania,85083
42075,Pennsylvania,141663
42077,Pennsylvania,370802
42079,Pennsylvania,316982
42081,Pennsylvania,113209
42083,Pennsylvania,40333
42085,Pennsylvania,108545
42087,Pennsylvania,46064
42089,Pennsylvania,170154
42091,Pennsylvania,833869
42093,Pennsylvania,18042
42095,Pennsylvania,305892
42097,Pennsylvania,90258
42099,Pennsylvania,46212
42101,Pennsylvania,1578487
42103,Pennsylvania,56072
42105,Pennsylvania,16453
42107,Pennsylvania,140709
42109,Pennsylvania,40317
42111,Pennsylvania,72916
42113,Pennsylvania,5913
42115,Pennsylvania,40006
42117,Pennsylvania,40381
42119,Pennsylvania,44294
42121,Pennsylvania,50328
42123,Pennsylvania,38911
42125,Pennsylvania,206803
42127,Pennsylvania,51163
42129,Pennsylvania,347087
42131,Pennsylvania,26557
42133,Pennsylvania,450448
44001,Rhode Island,48350
44003,Rhode Island,164646
44005,Rhode Island,81836
44007,Rhode Island,636547
44009,Rhode Island,125746
45001,South Carolina,24404
45003,South Carolina,172895
45005,South Carolina,8331
45007,South Carolina,204353
45009,South Carolina,13906
45011,South Carolina,20805
45013,South Carolina,195656
45015,South Carolina,235987
45017,South Carolina,14554
45019,South Carolina,417981
45021,South Carolina,57316
45023,South Carolina,32232
45025,South Carolina,45606
45027,South Carolina,33415
45029,South Carolina,37481
45031,South Carolina,66509
45033,South Carolina,30367
45035,South Carolina,165737
45037,South Carolina,27120
45039,South Carolina,22059
45041,South Carolina,137588
45043,South Carolina,63353
45045,South Carolina,532486
45047,South Carolina,71074
45049,South Carolina,18053
45051,South Carolina,365449
45053,South Carolina,31588
45055,South Carolina,67472
45057,South Carolina,100926
45059,South Carolina,67883
45061,South Carolina,16701
45063,South Carolina,303946
45065,South Carolina,9430
45067,South Carolina,30158
45069,South Carolina,25581
45071,South Carolina,38445
45073,South Carolina,80015
45075,South Carolina,85343
45077,South Carolina,127983
45079,South Carolina,419051
45081,South Carolina,20315
45083,South Carolina,326205
45085,South Carolina,106360
45087,South Carolina,26991
45089,South Carolina,29825
45091,South Carolina,289105
46003,South Dakota,2730
46005,South Dakota,18513
46007,South Dakota,3399
46009,South Dakota,6848
46011,South Dakota,35603
46013,South Dakota,38738
46015,South Dakota,5254
46017,South Dakota,1956
46019,South Dakota,10538
46021,South Dakota,1380
46023,South Dakota,9262
46025,South Dakota,3802
46027,South Dakota,14246
46029,South Dakota,28186
46031,South Dakota,4031
46033,South Dakota,9017
46035,South Dakota,19812
46037,South Dakota,5345
46039,South Dakota,4346
46041,South Dakota,5789
46043,South Dakota,2906
46045,South Dakota,3817
46047,South Dakota,6708
46049,South Dakota,2306
46051,South Dakota,7000
46053,South Dakota,4219
46055,South Dakota,1861
46057,South Dakota,6234
46059,South Dakota,3127
46061,South Dakota,3489
46063,South Dakota,1311
46065,South Dakota,17336
46067,South Dakota,7282
46069,South Dakota,1281
46071,South Dakota,3321
46073,South Dakota,1985
46075,South Dakota,938
46077,South Dakota,4987
46079,South Dakota,12488
46081,South Dakota,26221
46083,South Dakota,63019
46085,South Dakota,3797
46087,South Dakota,5520
46089,South Dakota,2363
46091,South Dakota,4884
46093,South Dakota,28588
46095,South Dakota,2089
46097,South Dakota,2202
46099,South Dakota,196659
46101,South Dakota,6525
46102,South Dakota,14070
46103,South Dakota,115926
46105,South Dakota,2832
46107,South Dakota,2163
46109,South Dakota,10331
46111,South Dakota,2322
46115,South Dakota,6319
46117,South Dakota,3121
46119,South Dakota,1391
46121,South Dakota,10313
46123,South Dakota,5377
46125,South Dakota,8368
46127,South Dakota,16192
46129,South Dakota,5336
46135,South Dakota,22742
46137,South Dakota,2656
47001,Tennessee,77558
47003,Tennessee,50179
47005,Tennessee,16131
47007,Tennessee,15223
47009,Tennessee,134751
47011,Tennessee,109071
47013,Tennessee,39837
47015,Tennessee,14847
47017,Tennessee,27779
47019,Tennessee,56418
47021,Tennessee,41101
47023,Tennessee,17432
47025,Tennessee,32023
47027,Tennessee,7629
47029,Tennessee,36225
47031,Tennessee,57632
47033,Tennessee,14180
47035,Tennessee,61603
47037,Tennessee,694176
47039,Tennessee,11601
47041,Tennessee,20837
47043,Tennessee,54376
47045,Tennessee,36693
47047,Tennessee,41620
47049,Tennessee,18787
47051,Tennessee,42485
47053,Tennessee,49159
47055,Tennessee,29530
47057,Tennessee,23565
47059,Tennessee,69571
47061,Tennessee,13485
47063,Tennessee,65110
47065,Tennessee,371662
47067,Tennessee,6493
47069,Tennessee,24836
47071,Tennessee,25583
47073,Tennessee,56775
47075,Tennessee,17002
47077,Tennessee,28076
47079,Tennessee,32056
47081,Tennessee,25387
47083,Tennessee,8292
47085,Tennessee,18590
47087,Tennessee,11864
47089,Tennessee,55307
47091,Tennessee,17849
47093,Tennessee,475609
47095,Tennessee,6988
47097,Tennessee,25451
47099,Tennessee,44432
47101,Tennessee,12363
47103,Tennessee,34540
47105,Tennessee,54910
47107,Tennessee,54208
47109,Tennessee,25696
47111,Tennessee,24827
47113,Tennessee,98360
47115,Tennessee,28924
47117,Tennessee,35016
47119,Tennessee,99590
47121,Tennessee,12532
47123,Tennessee,47177
47125,Tennessee,214251
47127,Tennessee,6438
47129,Tennessee,21431
47131,Tennessee,30131
47133,Tennessee,22566
47135,Tennessee,8099
47137,Tennessee,5061
47139,Tennessee,16835
47141,Tennessee,80929
47143,Tennessee,33443
47145,Tennessee,53841
47147,Tennessee,72275
47149,Tennessee,339261
47151,Tennessee,22090
47153,Tennessee,15176
47155,Tennessee,99244
47157,Tennessee,936017
47159,Tennessee,20285
47161,Tennessee,13859
47163,Tennessee,158755
47165,Tennessee,195561
47167,Tennessee,61918
47169,Tennessee,11455
47171,Tennessee,17755
47173,Tennessee,20187
47175,Tennessee,5947
47177,Tennessee,41605
47179,Tennessee,130367
47181,Tennessee,16524
47183,Tennessee,33334
47185,Tennessee,27707
47187,Tennessee,245348
47189,Tennessee,148130
48001,Texas,57805
48003,Texas,18879
48005,Texas,86796
48007,Texas,23814
48009,Texas,8730
48011,Texas,1869
48013,Texas,51724
48015,Texas,29972
48017,Texas,6697
48019,Texas,23861
48021,Texas,91601
48023,Texas,3518
48025,Texas,32513
48027,Texas,369927
48029,Texas,2026823
48031,Texas,12269
48033,Texas,706
48035,Texas,18603
48037,Texas,93481
48039,Texas,380518
48041,Texas,232555
48043,Texas,9237
48045,Texas,1487
48047,Texas,6964
48049,Texas,37633
48051,Texas,18514
48053,Texas,49653
48055,Texas,43979
48057,Texas,21001
48059,Texas,14110
48061,Texas,424180
48063,Texas,13060
48065,Texas,5854
48067,Texas,29879
48069,Texas,7396
48071,Texas,45590
48073,Texas,52875
48075,Texas,7143
48077,Texas,10550
48079,Texas,2897
48081,Texas,3323
48083,Texas,8100
48085,Texas,1072069
48087,Texas,2877
48089,Texas,21610
48091,Texas,164812
48093,Texas,13750
48095,Texas,2827
48097,Texas,41393
48099,Texas,76737
48101,Texas,1363
48103,Texas,4765
48105,Texas,3513
48107,Texas,5567
48109,Texas,2149
48111,Texas,7273
48113,Texas,2635888
48115,Texas,12974
48117,Texas,18277
48119,Texas,5349
48121,Texas,919324
48123,Texas,20174
48125,Texas,2140
48127,Texas,9925
48129,Texas,3308
48131,Texas,11058
48133,Texas,18388
48135,Texas,167701
48137,Texas,1923
48139,Texas,191760
48141,Texas,841286
48143,Texas,43224
48145,Texas,17275
48147,Texas,35913
48149,Texas,25547
48151,Texas,3784
48153,Texas,5672
48155,Texas,1135
48157,Texas,839706
48159,Texas,10821
48161,Texas,19874
48163,Texas,20379
48165,Texas,21996
48167,Texas,345089
48169,Texas,6222
48171,Texas,26960
48173,Texas,1439
48175,Texas,7626
48177,Texas,20948
48179,Texas,21658
48181,Texas,138318
48183,Texas,124229
48185,Texas,29614
48187,Texas,170608
48189,Texas,32754
48191,Texas,2939
48193,Texas,8557
48195,Texas,5279
48197,Texas,4011
48199,Texas,58305
48201,Texas,4738253
48203,Texas,66386
48205,Texas,5443
48207,Texas,5754
48209,Texas,241365
48211,Texas,3777
48213,Texas,83792
48215,Texas,875200
48217,Texas,37006
48219,Texas,22921
48221,Texas,63527
48223,Texas,37170
48225,Texas,22835
48227,Texas,36540
48229,Texas,4906
48231,Texas,99807
48233,Texas,20677
48235,Texas,1564
48237,Texas,9056
48239,Texas,14854
48241,Texas,35375
48243,Texas,2220
48245,Texas,250127
48247,Texas,5184
48249,Texas,40452
48251,Texas,179575
48253,Texas,19875
48255,Texas,15562
48257,Texas,143198
48259,Texas,48523
48261,Texas,379
48263,Texas,786
48265,Texas,52869
48267,Texas,4396
48269,Texas,283
48271,Texas,3670
48273,Texas,30338
48275,Texas,3683
48277,Texas,49905
48279,Texas,12710
48281,Texas,21789
48283,Texas,7500
48285,Texas,20216
48287,Texas,17397
48289,Texas,17493
48291,Texas,91547
48293,Texas,23340
48295,Texas,3111
48297,Texas,12324
48299,Texas,21958
48301,Texas,181
48303,Texas,314772
48305,Texas,6025
48307,Texas,7823
48309,Texas,259730
48311,Texas,721
48313,Texas,14427
48315,Texas,9960
48317,Texas,5816
48319,Texas,4344
48321,Texas,36725
48323,Texas,58378
48325,Texas,52358
48327,Texas,2124
48329,Texas,177863
48331,Texas,24708
48333,Texas,4840
48335,Texas,8202
48337,Texas,19962
48339,Texas,626351
48341,Texas,20654
48343,Texas,12393
48345,Texas,1185
48347,Texas,64753
48349,Texas,50694
48351,Texas,13414
48353,Texas,14835
48355,Texas,363148
48357,Texas,9598
48359,Texas,2135
48361,Texas,82878
48363,Texas,29320
48365,Texas,23187
48367,Texas,148198
48369,Texas,9522
48371,Texas,15718
48373,Texas,52995
48375,Texas,116004
48377,Texas,6508
48379,Texas,12552
48381,Texas,139899
48383,Texas,3833
48385,Texas,3411
48387,Texas,11995
48389,Texas,15949
48391,Texas,6877
48393,Texas,813
48395,Texas,17155
48397,Texas,109888
48399,Texas,10401
48401,Texas,54324
48403,Texas,10507
48405,Texas,8248
48407,Texas,29301
48409,Texas,67069
48411,Texas,6039
48413,Texas,2761
48415,Texas,16662
48417,Texas,3300
48419,Texas,24915
48421,Texas,3027
48423,Texas,235806
48425,Texas,9139
48427,Texas,64266
48429,Texas,9334
48431,Texas,1315
48433,Texas,1348
48435,Texas,3738
48437,Texas,7340
48439,Texas,2123347
48441,Texas,139200
48443,Texas,702
48445,Texas,12183
48447,Texas,1487
48449,Texas,32926
48451,Texas,120010
48453,Texas,1300503
48455,Texas,14883
48457,Texas,21591
48459,Texas,42166
48461,Texas,3623
48463,Texas,26742
48465,Texas,49028
48467,Texas,57533
48469,Texas,91936
48471,Texas,72164
48473,Texas,57452
48475,Texas,12097
48477,Texas,35771
48479,Texas,277681
48481,Texas,41685
48483,Texas,4946
48485,Texas,133205
48487,Texas,12552
48489,Texas,21161
48491,Texas,617855
48493,Texas,52023
48495,Texas,7887
48497,Texas,71084
48499,Texas,46291
48501,Texas,8702
48503,Texas,17904
48505,Texas,14172
48507,Texas,11840
49001,Utah,6761
49003,Utah,57007
49005,Utah,130004
49007,Utah,20760
49009,Utah,1026
49011,Utah,359232
49013,Utah,19894
49015,Utah,10147
49017,Utah,5050
49019,Utah,9796
49021,Utah,56814
49023,Utah,12122
49025,Utah,7914
49027,Utah,13327
49029,Utah,12462
49031,Utah,1473
49033,Utah,2452
49035,Utah,1165517
49037,Utah,15278
49039,Utah,31393
49041,Utah,21780
49043,Utah,42499
49045,Utah,74512
49047,Utah,35970
49049,Utah,651059
49051,Utah,35300
49053,Utah,184913
49055,Utah,2759
49057,Utah,262658
50001,Vermont,36851
50003,Vermont,35338
50005,Vermont,29705
50007,Vermont,164306
50009,Vermont,6123
50011,Vermont,49685
50013,Vermont,7169
50015,Vermont,25341
50017,Vermont,28837
50019,Vermont,26897
50021,Vermont,57764
50023,Vermont,58328
50025,Vermont,42015
50027,Vermont,54988
51001,Virginia,32238
51003,Virginia,110652
51005,Virginia,14701
51007,Virginia,13014
51009,Virginia,31667
51011,Virginia,16043
51013,Virginia,240119
51015,Virginia,76544
51017,Virginia,4119
51019,Virginia,79811
51021,Virginia,6239
51023,Virginia,33633
51025,Virginia,16037
51027,Virginia,20613
51029,Virginia,17168
51031,Virginia,55304
51033,Virginia,30860
51035,Virginia,30074
51036,Virginia,6821
51037,Virginia,11820
51041,Virginia,358245
51043,Virginia,14622
51045,Virginia,5077
51047,Virginia,53569
51049,Virginia,9933
51051,Virginia,14078
51053,Virginia,28688
51057,Virginia,10943
51059,Virginia,1150847
51061,Virginia,71361
51063,Virginia,15777
51065,Virginia,27422
51067,Virginia,56167
51069,Virginia,91119
51071,Virginia,16663
51073,Virginia,37459
51075,Virginia,24431
51077,Virginia,15493
51079,Virginia,20131
51081,Virginia,11280
51083,Virginia,33633
51085,Virginia,108262
51087,Virginia,333766
51089,Virginia,50309
51091,Virginia,2200
51093,Virginia,37725
51095,Virginia,77612
51097,Virginia,6942
51099,Virginia,27381
51101,Virginia,17641
51103,Virginia,10618
51105,Virginia,23238
51107,Virginia,422784
51109,Virginia,38132
51111,Virginia,12267
51113,Virginia,13312
51115,Virginia,8766
51117,Virginia,30679
51119,Virginia,10569
51121,Virginia,98391
51125,Virginia,14755
51127,Virginia,23648
51131,Virginia,11673
51133,Virginia,12069
51135,Virginia,15160
51137,Virginia,37695
51139,Virginia,23933
51141,Virginia,17493
51143,Virginia,59850
51145,Virginia,30148
51147,Virginia,23006
51149,Virginia,38686
51153,Virginia,475533
51155,Virginia,33935
51157,Virginia,7260
51159,Virginia,9071
51161,Virginia,94509
51163,Virginia,22757
51165,Virginia,82346
51167,Virginia,26647
51169,Virginia,21629
51171,Virginia,43905
51173,Virginia,30090
51175,Virginia,17636
51177,Virginia,138449
51179,Virginia,156748
51181,Virginia,6385
51183,Virginia,10925
51185,Virginia,40529
51187,Virginia,40475
51191,Virginia,53695
51193,Virginia,18149
51195,Virginia,37206
51197,Virginia,28620
51199,Virginia,69199
51510,Virginia,158726
51520,Virginia,17329
51530,Virginia,6402
51540,Virginia,46950
51550,Virginia,247011
51570,Virginia,17205
51580,Virginia,5639
51590,Virginia,39869
51595,Virginia,5257
51600,Virginia,23429
51610,Virginia,14631
51620,Virginia,7833
51630,Virginia,29492
51640,Virginia,6296
51650,Virginia,135464
51660,Virginia,53204
51670,Virginia,22375
51678,Virginia,7279
51680,Virginia,81561
51683,Virginia,40869
51685,Virginia,18004
51690,Virginia,12355
51700,Virginia,179062
51710,Virginia,242803
51720,Virginia,3985
51730,Virginia,30446
51735,Virginia,12257
51740,Virginia,95094
51750,Virginia,18255
51760,Virginia,232226
51770,Virginia,99058
51775,Virginia,25340
51790,Virginia,25190
51800,Virginia,93913
51810,Virginia,451231
51820,Virginia,22741
51830,Virginia,15259
51840,Virginia,27700
53001,Washington,20027
53003,Washington,22820
53005,Washington,206426
53007,Washington,77574
53009,Washington,78067
53011,Washington,496865
53013,Washington,4048
53015,Washington,111371
53017,Washington,43560
53019,Washington,7759
53021,Washington,97075
53023,Washington,2290
53025,Washington,99377
53027,Washington,75950
53029,Washington,86014
53031,Washington,32700
53033,Washington,2274315
53035,Washington,272787
53037,Washington,49204
53039,Washington,22697
53041,Washington,82109
53043,Washington,11090
53045,Washington,68224
53047,Washington,42620
53049,Washington,22984
53051,Washington,14144
53053,Washington,913890
53055,Washington,17492
53057,Washington,130789
53059,Washington,12107
53061,Washington,830393
53063,Washington,528225
53065,Washington,46360
53067,Washington,294074
53069,Washington,4498
53071,Washington,61292
53073,Washington,231016
53075,Washington,49500
53077,Washington,251879
54001,West Virginia,16444
54003,West Virginia,122125
54005,West Virginia,21055
54007,West Virginia,13702
54009,West Virginia,21674
54011,West Virginia,91589
54013,West Virginia,6945
54015,West Virginia,8341
54017,West Virginia,8368
54019,West Virginia,42062
54021,West Virginia,7811
54023,West Virginia,11510
54025,West Virginia,34319
54027,West Virginia,23190
54029,West Virginia,28571
54031,West Virginia,13633
54033,West Virginia,66870
54035,West Virginia,28453
54037,West Virginia,57486
54039,West Virginia,176253
54041,West Virginia,15805
54043,West Virginia,20043
54045,West Virginia,31688
54047,West Virginia,16916
54049,West Virginia,55962
54051,West Virginia,30103
54053,West Virginia,26335
54055,West Virginia,58258
54057,West Virginia,26722
54059,West Virginia,22951
54061,West Virginia,106819
54063,West Virginia,13229
54065,West Virginia,17873
54067,West Virginia,24340
54069,West Virginia,41182
54071,West Virginia,6932
54073,West Virginia,7438
54075,West Virginia,8190
54077,West Virginia,33380
54079,West Virginia,56428
54081,West Virginia,72920
54083,West Virginia,28387
54085,West Virginia,9499
54087,West Virginia,13482
54089,West Virginia,12444
54091,West Virginia,16699
54093,West Virginia,6816
54095,West Virginia,8533
54097,West Virginia,24230
54099,West Virginia,39054
54101,West Virginia,8058
54103,West Virginia,14904
54105,West Virginia,5705
54107,West Virginia,82938
54109,West Virginia,20123
55001,Wisconsin,20498
55003,Wisconsin,15415
55005,Wisconsin,45090
55007,Wisconsin,15242
55009,Wisconsin,264610
55011,Wisconsin,13033
55013,Wisconsin,15557
55015,Wisconsin,50209
55017,Wisconsin,64737
55019,Wisconsin,34720
55021,Wisconsin,57668
55023,Wisconsin,16021
55025,Wisconsin,552536
55027,Wisconsin,87336
55029,Wisconsin,27889
55031,Wisconsin,43702
55033,Wisconsin,45452
55035,Wisconsin,105260
55037,Wisconsin,4298
55039,Wisconsin,102902
55041,Wisconsin,8960
55043,Wisconsin,51021
55045,Wisconsin,36603
55047,Wisconsin,18908
55049,Wisconsin,23640
55051,Wisconsin,5698
55053,Wisconsin,20630
55055,Wisconsin,85038
55057,Wisconsin,26908
55059,Wisconsin,169671
55061,Wisconsin,20386
55063,Wisconsin,118502
55065,Wisconsin,16646
55067,Wisconsin,19119
55069,Wisconsin,27566
55071,Wisconsin,78757
55073,Wisconsin,135593
55075,Wisconsin,40262
55077,Wisconsin,15585
55078,Wisconsin,4546
55079,Wisconsin,945016
55081,Wisconsin,46582
55083,Wisconsin,38383
55085,Wisconsin,35751
55087,Wisconsin,188766
55089,Wisconsin,90043
55091,Wisconsin,7271
55093,Wisconsin,42700
55095,Wisconsin,43794
55097,Wisconsin,71032
55099,Wisconsin,13245
55101,Wisconsin,195802
55103,Wisconsin,17258
55105,Wisconsin,163084
55107,Wisconsin,14022
55109,Wisconsin,91838
55111,Wisconsin,64449
55113,Wisconsin,16700
55115,Wisconsin,40786
55117,Wisconsin,115240
55119,Wisconsin,20318
55121,Wisconsin,29681
55123,Wisconsin,30861
55125,Wisconsin,22356
55127,Wisconsin,103953
55129,Wisconsin,15712
55131,Wisconsin,136445
55133,Wisconsin,406172
55135,Wisconsin,50664
55137,Wisconsin,24326
55139,Wisconsin,171631
55141,Wisconsin,72560
56001,Wyoming,38950
56003,Wyoming,11575
56005,Wyoming,46676
56007,Wyoming,14711
56009,Wyoming,13804
56011,Wyoming,7593
56013,Wyoming,39317
56015,Wyoming,13235
56017,Wyoming,4425
56019,Wyoming,8588
56021,Wyoming,100595
56023,Wyoming,20253
56025,Wyoming,80815
56027,Wyoming,2275
56029,Wyoming,29331
56031,Wyoming,8578
56033,Wyoming,30863
56035,Wyoming,9856
56037,Wyoming,42673
56039,Wyoming,23497
56041,Wyoming,20215
56043,Wyoming,7760
56045,Wyoming,6743
